"id","dateOfBirth","status","passportNumber","salary","experience","experienceOfLastWP","experienceOfLastWP","totalGain","conviction","working","changedPassport","name","placeOfWorking","addres","phone","workPhone","passportData","otherDocument"
"1482066374328","1","0","0","0.0","0.0","0.0","0.0","0.0","true","true","true","Name","Work","Street","234567","276543","pd","null"
"1482066374342","3","0","0","0.0","0.0","0.0","0.0","0.0","true","true","true","Name","Work","Street","234567","276543","pd","null"
"1482066374350","4","0","0","0.0","0.0","0.0","0.0","0.0","true","true","true","Name","Work","Street","234567","276543","pd","null"
"1482066374360","5","0","0","0.0","0.0","0.0","0.0","0.0","true","true","true","Name","Work","Street","234567","276543","pd","null"
"1482066374376","6","0","0","0.0","0.0","0.0","0.0","0.0","true","true","true","Name","Work","Street","234567","276543","pd","null"
"1482066374393","7","0","0","0.0","0.0","0.0","0.0","0.0","true","true","true","Name","Work","Street","234567","276543","pd","null"
"1482066374406","8","0","0","0.0","0.0","0.0","0.0","0.0","true","true","true","Name","Work","Street","234567","276543","pd","null"
"1482066374420","9","0","0","0.0","0.0","0.0","0.0","0.0","true","true","true","Name","Work","Street","234567","276543","pd","null"
"1482066374335","200","0","0","0.0","0.0","0.0","0.0","0.0","true","true","true","Name","Work","Street","234567","276543","pd","null"
"1482066383591","1","0","0","0.0","0.0","0.0","0.0","0.0","true","true","true","Name","Work","Street","234567","276543","pd","null"
"1482066383624","3","0","0","0.0","0.0","0.0","0.0","0.0","true","true","true","Name","Work","Street","234567","276543","pd","null"
"1482066383642","4","0","0","0.0","0.0","0.0","0.0","0.0","true","true","true","Name","Work","Street","234567","276543","pd","null"
"1482066383661","5","0","0","0.0","0.0","0.0","0.0","0.0","true","true","true","Name","Work","Street","234567","276543","pd","null"
"1482066383682","6","0","0","0.0","0.0","0.0","0.0","0.0","true","true","true","Name","Work","Street","234567","276543","pd","null"
"1482066383704","7","0","0","0.0","0.0","0.0","0.0","0.0","true","true","true","Name","Work","Street","234567","276543","pd","null"
"1482066383728","8","0","0","0.0","0.0","0.0","0.0","0.0","true","true","true","Name","Work","Street","234567","276543","pd","null"
"1482066383752","9","0","0","0.0","0.0","0.0","0.0","0.0","true","true","true","Name","Work","Street","234567","276543","pd","null"
"1482066383607","200","0","0","0.0","0.0","0.0","0.0","0.0","true","true","true","Name","Work","Street","234567","276543","pd","null"
"1482069940641","1","0","0","0.0","0.0","0.0","0.0","0.0","true","true","true","Name","Work","Street","234567","276543","pd","null"
"1482069940670","2","0","0","0.0","0.0","0.0","0.0","0.0","true","true","true","Name","Work","Street","234567","276543","pd","null"
"1482069940697","3","0","0","0.0","0.0","0.0","0.0","0.0","true","true","true","Name","Work","Street","234567","276543","pd","null"
"1482069940726","4","0","0","0.0","0.0","0.0","0.0","0.0","true","true","true","Name","Work","Street","234567","276543","pd","null"
"1482069940755","5","0","0","0.0","0.0","0.0","0.0","0.0","true","true","true","Name","Work","Street","234567","276543","pd","null"
"1482069940787","6","0","0","0.0","0.0","0.0","0.0","0.0","true","true","true","Name","Work","Street","234567","276543","pd","null"
"1482069940829","7","0","0","0.0","0.0","0.0","0.0","0.0","true","true","true","Name","Work","Street","234567","276543","pd","null"
"1482069940863","8","0","0","0.0","0.0","0.0","0.0","0.0","true","true","true","Name","Work","Street","234567","276543","pd","null"
"1482069940897","9","0","0","0.0","0.0","0.0","0.0","0.0","true","true","true","Name","Work","Street","234567","276543","pd","null"
"1482077944830","1","0","0","0.0","0.0","0.0","0.0","0.0","true","true","true","Name","Work","Street","234567","276543","pd","null"
"1482077944868","2","0","0","0.0","0.0","0.0","0.0","0.0","true","true","true","Name","Work","Street","234567","276543","pd","null"
"1482077944905","3","0","0","0.0","0.0","0.0","0.0","0.0","true","true","true","Name","Work","Street","234567","276543","pd","null"
"1482077944944","4","0","0","0.0","0.0","0.0","0.0","0.0","true","true","true","Name","Work","Street","234567","276543","pd","null"
"1482077944985","5","0","0","0.0","0.0","0.0","0.0","0.0","true","true","true","Name","Work","Street","234567","276543","pd","null"
"1482077945026","6","0","0","0.0","0.0","0.0","0.0","0.0","true","true","true","Name","Work","Street","234567","276543","pd","null"
"1482077945068","7","0","0","0.0","0.0","0.0","0.0","0.0","true","true","true","Name","Work","Street","234567","276543","pd","null"
"1482077945112","8","0","0","0.0","0.0","0.0","0.0","0.0","true","true","true","Name","Work","Street","234567","276543","pd","null"
"1482077945158","9","0","0","0.0","0.0","0.0","0.0","0.0","true","true","true","Name","Work","Street","234567","276543","pd","null"
"1482098168003","1","0","0","0.0","0.0","0.0","0.0","0.0","true","true","true","Name","Work","Street","234567","276543","pd","null"
"1482098168050","2","0","0","0.0","0.0","0.0","0.0","0.0","true","true","true","Name","Work","Street","234567","276543","pd","null"
"1482098168098","3","0","0","0.0","0.0","0.0","0.0","0.0","true","true","true","Name","Work","Street","234567","276543","pd","null"
"1482098168149","4","0","0","0.0","0.0","0.0","0.0","0.0","true","true","true","Name","Work","Street","234567","276543","pd","null"
"1482098168200","5","0","0","0.0","0.0","0.0","0.0","0.0","true","true","true","Name","Work","Street","234567","276543","pd","null"
"1482098168252","6","0","0","0.0","0.0","0.0","0.0","0.0","true","true","true","Name","Work","Street","234567","276543","pd","null"
"1482098168316","7","0","0","0.0","0.0","0.0","0.0","0.0","true","true","true","Name","Work","Street","234567","276543","pd","null"
"1482098168372","8","0","0","0.0","0.0","0.0","0.0","0.0","true","true","true","Name","Work","Street","234567","276543","pd","null"
"1482098168428","9","0","0","0.0","0.0","0.0","0.0","0.0","true","true","true","Name","Work","Street","234567","276543","pd","null"
"1482099028474","1","0","0","0.0","0.0","0.0","0.0","0.0","true","true","true","Name","Work","Street","234567","276543","pd","null"
"1482099028530","2","0","0","0.0","0.0","0.0","0.0","0.0","true","true","true","Name","Work","Street","234567","276543","pd","null"
"1482099028589","3","0","0","0.0","0.0","0.0","0.0","0.0","true","true","true","Name","Work","Street","234567","276543","pd","null"
"1482099028654","4","0","0","0.0","0.0","0.0","0.0","0.0","true","true","true","Name","Work","Street","234567","276543","pd","null"
"1482099028722","5","0","0","0.0","0.0","0.0","0.0","0.0","true","true","true","Name","Work","Street","234567","276543","pd","null"
"1482099028784","6","0","0","0.0","0.0","0.0","0.0","0.0","true","true","true","Name","Work","Street","234567","276543","pd","null"
"1482099028848","7","0","0","0.0","0.0","0.0","0.0","0.0","true","true","true","Name","Work","Street","234567","276543","pd","null"
"1482099028915","8","0","0","0.0","0.0","0.0","0.0","0.0","true","true","true","Name","Work","Street","234567","276543","pd","null"
"1482099028982","9","0","0","0.0","0.0","0.0","0.0","0.0","true","true","true","Name","Work","Street","234567","276543","pd","null"
"1482099049130","1","0","0","0.0","0.0","0.0","0.0","0.0","true","true","true","Name","Work","Street","234567","276543","pd","null"
"1482099049199","2","0","0","0.0","0.0","0.0","0.0","0.0","true","true","true","Name","Work","Street","234567","276543","pd","null"
"1482099049268","3","0","0","0.0","0.0","0.0","0.0","0.0","true","true","true","Name","Work","Street","234567","276543","pd","null"
"1482099049344","4","0","0","0.0","0.0","0.0","0.0","0.0","true","true","true","Name","Work","Street","234567","276543","pd","null"
"1482099049417","5","0","0","0.0","0.0","0.0","0.0","0.0","true","true","true","Name","Work","Street","234567","276543","pd","null"
"1482099049490","6","0","0","0.0","0.0","0.0","0.0","0.0","true","true","true","Name","Work","Street","234567","276543","pd","null"
"1482099049567","7","0","0","0.0","0.0","0.0","0.0","0.0","true","true","true","Name","Work","Street","234567","276543","pd","null"
"1482099049648","8","0","0","0.0","0.0","0.0","0.0","0.0","true","true","true","Name","Work","Street","234567","276543","pd","null"
"1482099049724","9","0","0","0.0","0.0","0.0","0.0","0.0","true","true","true","Name","Work","Street","234567","276543","pd","null"
"1482099060192","0","0","0","0.0","0.0","0.0","0.0","0.0","true","true","true","Name","Work","Street","234567","276543","pd","null"
"1482099060270","1","0","0","0.0","0.0","0.0","0.0","0.0","true","true","true","Name","Work","Street","234567","276543","pd","null"
"1482099060350","2","0","0","0.0","0.0","0.0","0.0","0.0","true","true","true","Name","Work","Street","234567","276543","pd","null"
"1482099060433","3","0","0","0.0","0.0","0.0","0.0","0.0","true","true","true","Name","Work","Street","234567","276543","pd","null"
"1482099060515","4","0","0","0.0","0.0","0.0","0.0","0.0","true","true","true","Name","Work","Street","234567","276543","pd","null"
"1482099060599","5","0","0","0.0","0.0","0.0","0.0","0.0","true","true","true","Name","Work","Street","234567","276543","pd","null"
"1482099060684","6","0","0","0.0","0.0","0.0","0.0","0.0","true","true","true","Name","Work","Street","234567","276543","pd","null"
"1482099060767","7","0","0","0.0","0.0","0.0","0.0","0.0","true","true","true","Name","Work","Street","234567","276543","pd","null"
"1482099060853","8","0","0","0.0","0.0","0.0","0.0","0.0","true","true","true","Name","Work","Street","234567","276543","pd","null"
"1482099060937","9","0","0","0.0","0.0","0.0","0.0","0.0","true","true","true","Name","Work","Street","234567","276543","pd","null"
